fmi,enlace_inmueble
001-1020231,https://www.activosporcolombia.com/es/unidad-inmobiliaria/907/apartamento-en-gestion-medellin-antioquia
001-1020261,https://www.activosporcolombia.com/es/unidad-inmobiliaria/907/apartamento-en-gestion-medellin-antioquia
001-1020276,https://www.activosporcolombia.com/es/unidad-inmobiliaria/907/apartamento-en-gestion-medellin-antioquia
001-1027103,https://www.activosporcolombia.com/es/inmueble/35386/apartamento-en-venta-envigado-antioquia
001-1028192,https://www.activosporcolombia.com/es/unidad-inmobiliaria/908/apartamento-en-gestion-medellin-antioquia
001-1052389,https://www.activosporcolombia.com/es/unidad-inmobiliaria/138/apartamento-y-garaje-en-venta-medellin-antioquia
001-1052449,https://www.activosporcolombia.com/es/unidad-inmobiliaria/908/apartamento-en-gestion-medellin-antioquia
001-1064589,https://www.activosporcolombia.com/es/inmueble/26307/siute-en-venta-medellin-antioquia
001-1077751,https://www.activosporcolombia.com/es/inmueble/33316/apartamento-en-venta-medellin-antioquia
001-1086127,https://www.activosporcolombia.com/es/unidad-inmobiliaria/90/apartamento-con-garaje-y-deposito-en-venta-medellin-antioquia
001-1086308,https://www.activosporcolombia.com/es/unidad-inmobiliaria/90/apartamento-con-garaje-y-deposito-en-venta-medellin-antioquia
001-1086507,https://www.activosporcolombia.com/es/unidad-inmobiliaria/90/apartamento-con-garaje-y-deposito-en-venta-medellin-antioquia
001-1101670,https://www.activosporcolombia.com/es/unidad-inmobiliaria/138/apartamento-y-garaje-en-venta-medellin-antioquia
001-1107815,https://www.activosporcolombia.com/es/unidad-inmobiliaria/483/apartamento-en-gestion-medellin-antioquia
001-1108091,https://www.activosporcolombia.com/es/unidad-inmobiliaria/478/apartamento-en-venta-medellin
001-1121210,https://www.activosporcolombia.com/es/unidad-inmobiliaria/354/apartamento-en-venta-medellin
001-1128617,https://www.activosporcolombia.com/es/unidad-inmobiliaria/483/apartamento-en-gestion-medellin-antioquia
001-1128810,https://www.activosporcolombia.com/es/unidad-inmobiliaria/478/apartamento-en-venta-medellin
001-1160626,https://www.activosporcolombia.com/es/inmueble/28292/kr-76-41-31-ap-201-ed-laurel-real
001-1165695,https://www.activosporcolombia.com/es/inmueble/467/avaluo-en-gestion-medellin-antioquia
001-1167532,https://www.activosporcolombia.com/es/inmueble/2635/casa-en-gestion-envigado-antioquia
001-1179269,https://www.activosporcolombia.com/es/unidad-inmobiliaria/867/apartamento-en-gestion-medellin-antioquia
001-1179351,https://www.activosporcolombia.com/es/unidad-inmobiliaria/867/apartamento-en-gestion-medellin-antioquia
001-1204602,https://www.activosporcolombia.com/es/inmueble/23046/kr-84-f-3d-150-ap-1226-co-aviva-ph
001-1223271,https://www.activosporcolombia.com/es/unidad-inmobiliaria/475/apartamento-en-gestion-medellin-antioquia
001-1223353,https://www.activosporcolombia.com/es/unidad-inmobiliaria/475/apartamento-en-gestion-medellin-antioquia
001-1223375,https://www.activosporcolombia.com/es/unidad-inmobiliaria/475/apartamento-en-gestion-medellin-antioquia
001-1262774,https://www.activosporcolombia.com/es/inmueble/13965/km-15-vi-las-palmas-cs-3-co-lemont-1
001-1297200,https://www.activosporcolombia.com/es/inmueble/35047/bodega-en-venta-medellin
001-135890,https://www.activosporcolombia.com/es/inmueble/8059/casa-en-venta-medellin
001-138882,https://www.activosporcolombia.com/es/inmueble/16951/edificio-en-gestion-medellin-antioquia
001-139288,https://www.activosporcolombia.com/es/inmueble/24655/kr-42-16-b-sur-50-lt-6-mz-d
001-151877,https://www.activosporcolombia.com/es/unidad-inmobiliaria/326/apartamento-en-gestion-medellin-antioquia
001-156530,https://www.activosporcolombia.com/es/inmueble/3854/casa-en-gestion-medellin-antioquia
001-173446,https://www.activosporcolombia.com/es/inmueble/26199/casa-en-venta-medellin
001-197443,https://www.activosporcolombia.com/es/unidad-inmobiliaria/19/hotelmotel-en-venta-la-estrella-antioquia
001-204298,https://www.activosporcolombia.com/es/inmueble/19953/casa-lote-en-venta-medellin-antioquia
001-204535,https://www.activosporcolombia.com/es/unidad-inmobiliaria/916/unidad-inmobiliaria-492065
001-207355,https://www.activosporcolombia.com/es/inmueble/21685/kr-10-19-sur-120-cs-136
001-210231,https://www.activosporcolombia.com/es/unidad-inmobiliaria/868/apartamento-en-gestion-medellin-antioquia
001-210246,https://www.activosporcolombia.com/es/unidad-inmobiliaria/868/apartamento-en-gestion-medellin-antioquia
001-232068,https://www.activosporcolombia.com/es/unidad-inmobiliaria/129/lotes-con-construccion-en-venta-medellin
001-274897,https://www.activosporcolombia.com/es/unidad-inmobiliaria/394/garaje-en-gestion-medellin-antioquia
001-274898,https://www.activosporcolombia.com/es/unidad-inmobiliaria/394/garaje-en-gestion-medellin-antioquia
001-310002,https://www.activosporcolombia.com/es/unidad-inmobiliaria/19/hotelmotel-en-venta-la-estrella-antioquia
001-311332,https://www.activosporcolombia.com/es/unidad-inmobiliaria/584/local-comercial-en-gestion-medellin-antioquia
001-312818,https://www.activosporcolombia.com/es/unidad-inmobiliaria/398/apartamento-en-venta-medellin
001-312837,https://www.activosporcolombia.com/es/unidad-inmobiliaria/398/apartamento-en-venta-medellin
001-312839,https://www.activosporcolombia.com/es/unidad-inmobiliaria/398/apartamento-en-venta-medellin
001-312848,https://www.activosporcolombia.com/es/unidad-inmobiliaria/398/apartamento-en-venta-medellin
001-312860,https://www.activosporcolombia.com/es/unidad-inmobiliaria/398/apartamento-en-venta-medellin
001-338535,https://www.activosporcolombia.com/es/inmueble/5522/local-comercial-en-venta-medellin
001-342205,https://www.activosporcolombia.com/es/unidad-inmobiliaria/19/hotelmotel-en-venta-la-estrella-antioquia
001-349611,https://www.activosporcolombia.com/es/unidad-inmobiliaria/678/edificio-en-gestion-itagui-antioquia
001-349637,https://www.activosporcolombia.com/es/unidad-inmobiliaria/678/edificio-en-gestion-itagui-antioquia
001-36672,https://www.activosporcolombia.com/es/unidad-inmobiliaria/685/apartamento-en-gestion-medellin-antioquia
001-379392,https://www.activosporcolombia.com/es/inmueble/26209/casa-en-venta-medellin
001-389120,https://www.activosporcolombia.com/es/inmueble/21585/casa-en-gestion-medellin-antioquia
001-406154,https://www.activosporcolombia.com/es/inmueble/5464/casa-en-gestion-medellin-antioquia
001-410364,https://www.activosporcolombia.com/es/inmueble/32277/local-comercial-en-gestion-medellin-antioquia
001-41966,https://www.activosporcolombia.com/es/inmueble/21208/garaje-en-gestion-medellin-antioquia
001-428374,https://www.activosporcolombia.com/es/inmueble/26271/casa-en-gestion-medellin-antioquia
001-439870,https://www.activosporcolombia.com/es/unidad-inmobiliaria/320/oficina-y-garaje-en-venta-medellin
001-45211,https://www.activosporcolombia.com/es/inmueble/1272/edificacion-para-hotel-motel-en-gestion-medellin-antioquia
001-469617,https://www.activosporcolombia.com/es/unidad-inmobiliaria/590/local-comercial-en-gestion-medellin-antioquia
001-469618,https://www.activosporcolombia.com/es/unidad-inmobiliaria/590/local-comercial-en-gestion-medellin-antioquia
001-47583,https://www.activosporcolombia.com/es/inmueble/28808/local-comercial-en-venta-medellin-antioquia
001-490161,https://www.activosporcolombia.com/es/unidad-inmobiliaria/789/apartamento-en-gestion-medellin-antioquia
001-496730,https://www.activosporcolombia.com/es/unidad-inmobiliaria/588/casa-en-gestion-medellin-antioquia
001-516212,https://www.activosporcolombia.com/es/inmueble/32123/calle-4-sur-38-121-int-0902-direccion-catastral
001-516459,https://www.activosporcolombia.com/es/unidad-inmobiliaria/381/apartamento-en-gestion-medellin-antioquia
001-518550,https://www.activosporcolombia.com/es/unidad-inmobiliaria/407/apartamento-en-gestion-itagui-antioquia
001-518551,https://www.activosporcolombia.com/es/unidad-inmobiliaria/407/apartamento-en-gestion-itagui-antioquia
001-518552,https://www.activosporcolombia.com/es/unidad-inmobiliaria/407/apartamento-en-gestion-itagui-antioquia
001-518553,https://www.activosporcolombia.com/es/unidad-inmobiliaria/407/apartamento-en-gestion-itagui-antioquia
001-519319,https://www.activosporcolombia.com/es/inmueble/5389/casa-recreo-en-gestion-medellin-antioquia
001-527855,https://www.activosporcolombia.com/es/inmueble/490/avaluo-en-gestion-envigado-antioquia
001-533217,https://www.activosporcolombia.com/es/inmueble/35972/apartamento-en-gestion-medellin-antioquia
001-533419,https://www.activosporcolombia.com/es/unidad-inmobiliaria/864/apartamento-en-gestion-medellin-antioquia
001-533428,https://www.activosporcolombia.com/es/unidad-inmobiliaria/864/apartamento-en-gestion-medellin-antioquia
001-533429,https://www.activosporcolombia.com/es/unidad-inmobiliaria/864/apartamento-en-gestion-medellin-antioquia
001-534833,https://www.activosporcolombia.com/es/unidad-inmobiliaria/870/apartamento-en-gestion-medellin-antioquia
001-550970,https://www.activosporcolombia.com/es/inmueble/23845/casa-en-gestion-medellin-antioquia
001-55237,https://www.activosporcolombia.com/es/unidad-inmobiliaria/590/local-comercial-en-gestion-medellin-antioquia
001-55329,https://www.activosporcolombia.com/es/inmueble/28486/casa-en-venta-medellin
001-602914,https://www.activosporcolombia.com/es/inmueble/23843/casa-en-gestion-medellin-antioquia
001-608122,https://www.activosporcolombia.com/es/inmueble/30171/casa-en-gestion-medellin-antioquia
001-637171,https://www.activosporcolombia.com/es/unidad-inmobiliaria/874/apartamento-en-venta-medellin
001-637210,https://www.activosporcolombia.com/es/unidad-inmobiliaria/874/apartamento-en-venta-medellin
001-650893,https://www.activosporcolombia.com/es/unidad-inmobiliaria/784/apartamento-en-gestion-medellin-antioquia
001-668128,https://www.activosporcolombia.com/es/inmueble/4748/casa-en-gestion-medellin-antioquia
001-669585,https://www.activosporcolombia.com/es/inmueble/28607/cl-6-sur-43-a-227-lc-1242
001-69632,https://www.activosporcolombia.com/es/inmueble/14080/kr-53-38-44
001-708487,https://www.activosporcolombia.com/es/inmueble/38070/lote-en-venta-antioquia-envigado
001-712593,https://www.activosporcolombia.com/es/inmueble/3456/casa-en-gestion-envigado-antioquia
001-729530,https://www.activosporcolombia.com/es/inmueble/19964/local-comercial-en-venta-sabaneta
001-758116,https://www.activosporcolombia.com/es/inmueble/35434/apartamento-en-gestion-envigado-antioquia
001-768176,https://www.activosporcolombia.com/es/inmueble/12053/cl-17-47-cs-103-ur-quintas-del-lago
001-772534,https://www.activosporcolombia.com/es/inmueble/35731/apartamento-en-venta-medellin
001-800632,https://www.activosporcolombia.com/es/unidad-inmobiliaria/860/apartamento-en-gestion-envigado-antioquia
001-800717,https://www.activosporcolombia.com/es/unidad-inmobiliaria/860/apartamento-en-gestion-envigado-antioquia
001-800776,https://www.activosporcolombia.com/es/unidad-inmobiliaria/860/apartamento-en-gestion-envigado-antioquia
001-810576,https://www.activosporcolombia.com/es/unidad-inmobiliaria/357/apartamento-en-venta-medellin
001-810577,https://www.activosporcolombia.com/es/unidad-inmobiliaria/357/apartamento-en-venta-medellin
001-810725,https://www.activosporcolombia.com/es/unidad-inmobiliaria/357/apartamento-en-venta-medellin
001-826815,https://www.activosporcolombia.com/es/unidad-inmobiliaria/859/apartamento-en-gestion-envigado-antioquia
001-828534,https://www.activosporcolombia.com/es/unidad-inmobiliaria/357/apartamento-en-venta-medellin
001-828631,https://www.activosporcolombia.com/es/unidad-inmobiliaria/357/apartamento-en-venta-medellin
001-839124,https://www.activosporcolombia.com/es/unidad-inmobiliaria/859/apartamento-en-gestion-envigado-antioquia
001-840573,https://www.activosporcolombia.com/es/inmueble/29199/parqueadero-52-con-pino-viejo-cl-2s-20-75
001-840574,https://www.activosporcolombia.com/es/inmueble/29207/parqueadero-53-con-pino-viejo-cl-2s-20-75
001-841587,https://www.activosporcolombia.com/es/unidad-inmobiliaria/169/garaje-en-gestion-medellin-antioquia
001-841588,https://www.activosporcolombia.com/es/unidad-inmobiliaria/169/garaje-en-gestion-medellin-antioquia
001-841589,https://www.activosporcolombia.com/es/unidad-inmobiliaria/169/garaje-en-gestion-medellin-antioquia
001-848572,https://www.activosporcolombia.com/es/inmueble/33012/carrera-58-79-101-ciudadela-parques-de-san-pablo
001-853796,https://www.activosporcolombia.com/es/unidad-inmobiliaria/875/apartamento-en-gestion-medellin-antioquia
001-853837,https://www.activosporcolombia.com/es/unidad-inmobiliaria/875/apartamento-en-gestion-medellin-antioquia
001-861435,https://www.activosporcolombia.com/es/unidad-inmobiliaria/358/apartamento-en-venta-medellin
001-861454,https://www.activosporcolombia.com/es/unidad-inmobiliaria/358/apartamento-en-venta-medellin
001-861455,https://www.activosporcolombia.com/es/unidad-inmobiliaria/358/apartamento-en-venta-medellin
001-861478,https://www.activosporcolombia.com/es/unidad-inmobiliaria/358/apartamento-en-venta-medellin
001-861479,https://www.activosporcolombia.com/es/unidad-inmobiliaria/358/apartamento-en-venta-medellin
001-863729,https://www.activosporcolombia.com/es/unidad-inmobiliaria/69/unidad-inmobiliaria-medellin-antioquia
001-863755,https://www.activosporcolombia.com/es/unidad-inmobiliaria/69/unidad-inmobiliaria-medellin-antioquia
001-877042,https://www.activosporcolombia.com/es/inmueble/6516/edificio-en-venta-medellin
001-878886,https://www.activosporcolombia.com/es/unidad-inmobiliaria/139/apartamento-en-venta-envigado
001-878984,https://www.activosporcolombia.com/es/unidad-inmobiliaria/139/apartamento-en-venta-envigado
001-882060,https://www.activosporcolombia.com/es/unidad-inmobiliaria/317/apartamento-en-venta-sabaneta
001-891920,https://www.activosporcolombia.com/es/inmueble/5194/carrera-27-numero-20-sur-181-int-99015-direccion-catastral
001-897735,https://www.activosporcolombia.com/es/unidad-inmobiliaria/493/apartamento-en-gestion-sabaneta-antioquia
001-897781,https://www.activosporcolombia.com/es/unidad-inmobiliaria/493/apartamento-en-gestion-sabaneta-antioquia
001-897882,https://www.activosporcolombia.com/es/unidad-inmobiliaria/493/apartamento-en-gestion-sabaneta-antioquia
001-903210,https://www.activosporcolombia.com/es/unidad-inmobiliaria/382/oficina-en-gestion-medellin-antioquia
001-903211,https://www.activosporcolombia.com/es/unidad-inmobiliaria/382/oficina-en-gestion-medellin-antioquia
001-903212,https://www.activosporcolombia.com/es/unidad-inmobiliaria/382/oficina-en-gestion-medellin-antioquia
001-917432,https://www.activosporcolombia.com/es/inmueble/21696/kr-10-19-sur-120
001-9338,https://www.activosporcolombia.com/es/inmueble/20375/casa-lote-en-gestion-envigado-antioquia
001-941215,https://www.activosporcolombia.com/es/inmueble/30001/casa-en-gestion-medellin-antioquia
001-948530,https://www.activosporcolombia.com/es/unidad-inmobiliaria/873/garaje-en-gestion-medellin-antioquia
001-948531,https://www.activosporcolombia.com/es/unidad-inmobiliaria/873/garaje-en-gestion-medellin-antioquia
001-948532,https://www.activosporcolombia.com/es/unidad-inmobiliaria/873/garaje-en-gestion-medellin-antioquia
001-948610,https://www.activosporcolombia.com/es/unidad-inmobiliaria/873/garaje-en-gestion-medellin-antioquia
001-948611,https://www.activosporcolombia.com/es/unidad-inmobiliaria/873/garaje-en-gestion-medellin-antioquia
001-950133,https://www.activosporcolombia.com/es/inmueble/29016/lc-119-ps-1-ed-complex-las-vegas-cr-48-25aa-s-70-en-el-que-funciona-establecimiento-de-comercio-sush
001-953099,https://www.activosporcolombia.com/es/inmueble/17988/kr-78-a-33-a-16-in-1301-ed-torre-salamanca
001-965635,https://www.activosporcolombia.com/es/inmueble/28981/kr-24-36-d-sur-141-cs-34-parcelacion-alamos-del-escobero-ph
001-977114,https://www.activosporcolombia.com/es/inmueble/12689/kr-58-77-41-ap-1409-to-6-et-2-co-reserva-del-sur
001-984012,https://www.activosporcolombia.com/es/inmueble/24769/apartamento-en-gestion-envigado-antioquia
004-21406,https://www.activosporcolombia.com/es/inmueble/30375/calle-6-andes-n0-5-40
004-263,https://www.activosporcolombia.com/es/inmueble/14334/cs-cl-52-56-21-brr-san-pedro
005-10259,https://www.activosporcolombia.com/es/inmueble/14314/cl-49
008-19347,https://www.activosporcolombia.com/es/inmueble/18902/casa-en-venta-carepa
008-23666,https://www.activosporcolombia.com/es/inmueble/8639/casa-en-venta-carepa
008-24057,https://www.activosporcolombia.com/es/inmueble/16517/casa-en-venta-carepa
008-24649,https://www.activosporcolombia.com/es/inmueble/16498/casa-en-venta-carepa
008-26302,https://www.activosporcolombia.com/es/inmueble/18887/casa-en-venta-carepa
012-39521,https://www.activosporcolombia.com/es/inmueble/21512/apartamento-en-venta-copacabana
012-44486,https://www.activosporcolombia.com/es/inmueble/21509/casa-en-gestion-copacabana-antioquia
012-771,https://www.activosporcolombia.com/es/inmueble/29783/finca-en-gestion-copacabana-antioquia
015-55423,https://www.activosporcolombia.com/es/inmueble/16183/carrera-20-nro-3-130-lote-el-man-centro-comercial-cauca-centro-modulo-a2-local-103-interior-103
015-64874,https://www.activosporcolombia.com/es/inmueble/19397/finca-en-gestion-caucasia-antioquia
015-66122,https://www.activosporcolombia.com/es/inmueble/13654/sc-hacienda-el-triangulo-lt-3-de-terreno
017-14019,https://www.activosporcolombia.com/es/inmueble/9106/casa-en-venta-la-ceja
017-39411,https://www.activosporcolombia.com/es/inmueble/9116/casa-en-venta-la-ceja
017-39414,https://www.activosporcolombia.com/es/inmueble/31635/lote-en-venta-la-ceja
017-46698,https://www.activosporcolombia.com/es/inmueble/9388/lote-en-gestion-la-ceja-antioquia
01N-267151,https://www.activosporcolombia.com/es/inmueble/23251/paraje-cuartas
01N-28652,https://www.activosporcolombia.com/es/unidad-inmobiliaria/318/edificio-en-venta-medellin
01N-312986,https://www.activosporcolombia.com/es/inmueble/23230/paraje-cuartas
01N-353938,https://www.activosporcolombia.com/es/unidad-inmobiliaria/742/lote-en-venta-san-pedro-de-cartago
01N-465835,https://www.activosporcolombia.com/es/unidad-inmobiliaria/742/lote-en-venta-san-pedro-de-cartago
01N-475567,https://www.activosporcolombia.com/es/unidad-inmobiliaria/628/casa-en-gestion-medellin-antioquia
01N-5065593,https://www.activosporcolombia.com/es/inmueble/23220/paraje-cuartas
01N-5081383,https://www.activosporcolombia.com/es/unidad-inmobiliaria/814/apartamento-en-gestion-medellin-antioquia
01N-5081434,https://www.activosporcolombia.com/es/unidad-inmobiliaria/814/apartamento-en-gestion-medellin-antioquia
01N-5141346,https://www.activosporcolombia.com/es/inmueble/23646/casa-en-venta-medellin
01N-5186851,https://www.activosporcolombia.com/es/inmueble/33021/torre-1-etapa-2a-ubicada-en-la-calle-52-n0-74-74-conjunto-residencial-estadio-de-la-plaza
01N-5188979,https://www.activosporcolombia.com/es/unidad-inmobiliaria/628/casa-en-gestion-medellin-antioquia
01N-5387297,https://www.activosporcolombia.com/es/unidad-inmobiliaria/876/apartamento-en-gestion-medellin-antioquia
01N-5387577,https://www.activosporcolombia.com/es/unidad-inmobiliaria/876/apartamento-en-gestion-medellin-antioquia
01N-7240,https://www.activosporcolombia.com/es/unidad-inmobiliaria/318/edificio-en-venta-medellin
01N-91296,https://www.activosporcolombia.com/es/unidad-inmobiliaria/940/unidad-inmobiliaria-487252
020-16089,https://www.activosporcolombia.com/es/inmueble/958/lt-la-mosca
020-20456,https://www.activosporcolombia.com/es/unidad-inmobiliaria/686/lote-en-gestion-rionegro-antioquia
020-21430,https://www.activosporcolombia.com/es/inmueble/2076/casa-recreo-en-gestion-rionegro-antioquia
020-3132,https://www.activosporcolombia.com/es/inmueble/30218/finca-en-gestion-rionegro-antioquia
020-51105,https://www.activosporcolombia.com/es/inmueble/21190/lote-en-gestion-guarne-antioquia
020-67825,https://www.activosporcolombia.com/es/inmueble/26455/lote-en-venta-rionegro
020-73166,https://www.activosporcolombia.com/es/inmueble/32403/lt-1-paraje-la-convencion
020-78057,https://www.activosporcolombia.com/es/inmueble/27233/lote-en-gestion-guarne-antioquia
020-84673,https://www.activosporcolombia.com/es/inmueble/18620/lt-4-en-via-vilachagua
020-8847,https://www.activosporcolombia.com/es/inmueble/26381/casa-recreo-en-gestion-rionegro-antioquia
024-11035,https://www.activosporcolombia.com/es/inmueble/30190/casa-lote-en-gestion-santa-fe-de-antioquia-antioquia
024-14339,https://www.activosporcolombia.com/es/inmueble/30186/casa-lote-en-gestion-santa-fe-de-antioquia-antioquia
028-15774,https://www.activosporcolombia.com/es/inmueble/38113/parcela-en-venta-sonson-antioquia
034-67292,https://www.activosporcolombia.com/es/unidad-inmobiliaria/603/lote-en-gestion-turbo-antioquia
034-67293,https://www.activosporcolombia.com/es/unidad-inmobiliaria/603/lote-en-gestion-turbo-antioquia
034-67294,https://www.activosporcolombia.com/es/unidad-inmobiliaria/603/lote-en-gestion-turbo-antioquia
034-67398,https://www.activosporcolombia.com/es/unidad-inmobiliaria/603/lote-en-gestion-turbo-antioquia
040-118084,https://www.activosporcolombia.com/es/inmueble/32173/casa-en-gestion-barranquilla-atlantico
040-139676,https://www.activosporcolombia.com/es/unidad-inmobiliaria/421/local-comercial-en-gestion-barranquilla-atlantico
040-139677,https://www.activosporcolombia.com/es/unidad-inmobiliaria/421/local-comercial-en-gestion-barranquilla-atlantico
040-139718,https://www.activosporcolombia.com/es/unidad-inmobiliaria/400/local-comercial-en-gestion-barranquilla-atlantico
040-139719,https://www.activosporcolombia.com/es/unidad-inmobiliaria/400/local-comercial-en-gestion-barranquilla-atlantico
040-139767,https://www.activosporcolombia.com/es/unidad-inmobiliaria/421/local-comercial-en-gestion-barranquilla-atlantico
040-139768,https://www.activosporcolombia.com/es/unidad-inmobiliaria/421/local-comercial-en-gestion-barranquilla-atlantico
040-139769,https://www.activosporcolombia.com/es/unidad-inmobiliaria/421/local-comercial-en-gestion-barranquilla-atlantico
040-14057,https://www.activosporcolombia.com/es/inmueble/13227/cr-55-72-73
040-167721,https://www.activosporcolombia.com/es/inmueble/13244/brr-chiquinquira-cl-40-27-61-cs
040-170148,https://www.activosporcolombia.com/es/inmueble/11673/apartamento-en-gestion-barranquilla-atlantico
040-198940,https://www.activosporcolombia.com/es/inmueble/8139/edificio-en-gestion-barranquilla-atlantico
040-203173,https://www.activosporcolombia.com/es/inmueble/80/local-comercial-en-venta-barranquilla-atlantico
040-208744,https://www.activosporcolombia.com/es/inmueble/28372/local-comercial-en-gestion-barranquilla-atlantico
040-227924,https://www.activosporcolombia.com/es/inmueble/28375/local-comercial-en-gestion-barranquilla-atlantico
040-238086,https://www.activosporcolombia.com/es/inmueble/24845/casa-en-gestion-barranquilla-atlantico
040-238956,https://www.activosporcolombia.com/es/unidad-inmobiliaria/82/apartamento-en-venta-barranquilla-atlantico
040-277153,https://www.activosporcolombia.com/es/inmueble/12697/casa-en-gestion-barranquilla-atlantico
040-278077,https://www.activosporcolombia.com/es/unidad-inmobiliaria/783/apartamento-en-gestion-barranquilla-atlantico
040-278078,https://www.activosporcolombia.com/es/unidad-inmobiliaria/783/apartamento-en-gestion-barranquilla-atlantico
040-278104,https://www.activosporcolombia.com/es/unidad-inmobiliaria/783/apartamento-en-gestion-barranquilla-atlantico
040-278927,https://www.activosporcolombia.com/es/inmueble/27314/apartamento-en-gestion-barranquilla-atlantico
040-284894,https://www.activosporcolombia.com/es/inmueble/9703/aapartamento-en-venta-barranquilla-atlantico
040-285679,https://www.activosporcolombia.com/es/inmueble/30591/apartamento-en-gestion-barranquilla-atlantico
040-312425,https://www.activosporcolombia.com/es/unidad-inmobiliaria/352/apartamento-en-gestion-barranquilla-atlantico
040-321561,https://www.activosporcolombia.com/es/inmueble/5532/local-20-manzana-80-calle-76-no-74-61
040-323036,https://www.activosporcolombia.com/es/inmueble/29835/local-comercial-en-gestion-barranquilla-atlantico
040-332865,https://www.activosporcolombia.com/es/inmueble/3950/apartamento-7b-carrera-52-no-82-135-edificio-casa-bella
040-383961,https://www.activosporcolombia.com/es/inmueble/34890/casa-en-gestion-barranquilla-atlantico
040-416423,https://www.activosporcolombia.com/es/inmueble/9660/casa-en-venta-barranquilla
040-4468,https://www.activosporcolombia.com/es/inmueble/11677/casa-en-venta-barranquilla
040-451692,https://www.activosporcolombia.com/es/inmueble/33406/apartamento-en-venta-barranquilla
040-456648,https://www.activosporcolombia.com/es/inmueble/20387/apartamento-en-venta-barranquilla
040-456803,https://www.activosporcolombia.com/es/inmueble/16131/apartamento-en-venta-barranquilla
040-456812,https://www.activosporcolombia.com/es/inmueble/5379/apartamento-en-venta-barranquilla
040-476484,https://www.activosporcolombia.com/es/inmueble/12011/apartamento-en-venta-barranquilla
040-510094,https://www.activosporcolombia.com/es/inmueble/18594/apartamento-en-venta-barranquilla
040-531402,https://www.activosporcolombia.com/es/inmueble/25143/apartamento-en-gestion-barranquilla-atlantico
040-53381,https://www.activosporcolombia.com/es/inmueble/13636/cr-51-79-53
040-53818,https://www.activosporcolombia.com/es/unidad-inmobiliaria/612/lote-en-gestion-tubara-atlantico
040-551093,https://www.activosporcolombia.com/es/inmueble/5390/apartamento-en-gestion-barranquilla-atlantico
040-554098,https://www.activosporcolombia.com/es/inmueble/5467/apartamento-en-gestion-barranquilla-atlantico
040-559346,https://www.activosporcolombia.com/es/inmueble/10455/apartamento-en-gestion-barranquilla-atlantico
040-73537,https://www.activosporcolombia.com/es/inmueble/12796/bodega-en-gestion-barranquilla-atlantico
060-110815,https://www.activosporcolombia.com/es/unidad-inmobiliaria/703/apartamento-en-gestion-cartagena-de-indias-bolivar
060-110821,https://www.activosporcolombia.com/es/unidad-inmobiliaria/703/apartamento-en-gestion-cartagena-de-indias-bolivar
060-149749,https://www.activosporcolombia.com/es/inmueble/10545/apartamento-en-gestion-cartagena-de-indias-bolivar
060-161130,https://www.activosporcolombia.com/es/inmueble/35301/garaje-en-venta-cartagena
060-161141,https://www.activosporcolombia.com/es/inmueble/3210/cl-6a-con-cr-5a-gj-23-ed-bocabahia
060-161142,https://www.activosporcolombia.com/es/unidad-inmobiliaria/855/apartamento-en-gestion-cartagena-de-indias-bolivar
060-161147,https://www.activosporcolombia.com/es/unidad-inmobiliaria/361/ap-1501-cll-6-a-cra-5-a-brr-bocagrande-ed-boca-bahia
060-161161,https://www.activosporcolombia.com/es/inmueble/35307/deposito-en-venta-cartagena
060-161171,https://www.activosporcolombia.com/es/inmueble/3215/cl-6a-con-cr-5a-do-21-ed-bocabahia
060-161174,https://www.activosporcolombia.com/es/unidad-inmobiliaria/361/ap-1501-cll-6-a-cra-5-a-brr-bocagrande-ed-boca-bahia
060-161188,https://www.activosporcolombia.com/es/inmueble/3222/cl-6a-con-cr-5a-ap-701-ed-bocabahia
060-161200,https://www.activosporcolombia.com/es/inmueble/35319/apartamento-en-venta-cartagena
060-161204,https://www.activosporcolombia.com/es/unidad-inmobiliaria/361/ap-1501-cll-6-a-cra-5-a-brr-bocagrande-ed-boca-bahia
060-166145,https://www.activosporcolombia.com/es/inmueble/29041/garaje-14-ed-la-boquilla-marina-club-p-h-en-la-boquilla
060-166186,https://www.activosporcolombia.com/es/inmueble/29045/ap-104-ed-la-boquilla-marina-club-p-h-en-la-boquilla
060-1757,https://www.activosporcolombia.com/es/inmueble/20849/apartamento-en-gestion-cartagena-de-indias-bolivar
060-187525,https://www.activosporcolombia.com/es/inmueble/5905/oficina-en-gestion-cartagena-de-indias-bolivar
060-217643,https://www.activosporcolombia.com/es/unidad-inmobiliaria/466/apartamento-en-gestion-cartagena-de-indias-bolivar
060-22284,https://www.activosporcolombia.com/es/inmueble/9312/lote-en-gestion-cartagena-de-indias-bolivar
060-243312,https://www.activosporcolombia.com/es/inmueble/2193/apartamento-en-gestion-cartagena-de-indias-bolivar
060-247126,https://www.activosporcolombia.com/es/inmueble/5222/apartamento-en-gestion-cartagena-de-indias-bolivar
060-29457,https://www.activosporcolombia.com/es/inmueble/22589/isla-en-gestion-cartagena-de-indias-bolivar
060-29458,https://www.activosporcolombia.com/es/inmueble/22604/lote-en-gestion-cartagena-de-indias-bolivar
060-29459,https://www.activosporcolombia.com/es/inmueble/22619/lote-en-gestion-cartagena-de-indias-bolivar
060-33247,https://www.activosporcolombia.com/es/inmueble/3225/edificacion-para-hotel-motel-en-gestion-cartagena-de-indias-bolivar
060-33251,https://www.activosporcolombia.com/es/inmueble/3232/edificacion-para-hotel-motel-en-gestion-cartagena-de-indias-bolivar
060-44786,https://www.activosporcolombia.com/es/inmueble/12563/casa-en-gestion-cartagena-de-indias-bolivar
060-64701,https://www.activosporcolombia.com/es/inmueble/11483/apartamento-en-gestion-cartagena-de-indias-bolivar
060-81688,https://www.activosporcolombia.com/es/inmueble/16860/apartamento-en-venta-cartagena-de-indias-bolivar
060-91280,https://www.activosporcolombia.com/es/inmueble/11593/casa-lote-en-gestion-cartagena-de-indias-bolivar
060-99031,https://www.activosporcolombia.com/es/inmueble/33310/garaje-en-gestion-cartagena-de-indias-bolivar
064-24669,https://www.activosporcolombia.com/es/inmueble/9288/casa-en-venta-magangue
064-28867,https://www.activosporcolombia.com/es/unidad-inmobiliaria/473/apartamento-en-gestion-magangue-bolivar
064-28868,https://www.activosporcolombia.com/es/unidad-inmobiliaria/473/apartamento-en-gestion-magangue-bolivar
064-3552,https://www.activosporcolombia.com/es/inmueble/17363/casa-en-venta-magangue
072-26107,https://www.activosporcolombia.com/es/inmueble/20328/lote-en-gestion-maripi-boyaca
072-32084,https://www.activosporcolombia.com/es/unidad-inmobiliaria/580/lote-en-gestion-maripi-boyaca
072-45015,https://www.activosporcolombia.com/es/inmueble/20489/lote-con-construccion-en-gestion-maripi-boyaca
072-45171,https://www.activosporcolombia.com/es/unidad-inmobiliaria/580/lote-en-gestion-maripi-boyaca
072-5897,https://www.activosporcolombia.com/es/unidad-inmobiliaria/580/lote-en-gestion-maripi-boyaca
079-1155,https://www.activosporcolombia.com/es/inmueble/15982/el-recreo
079-21365,https://www.activosporcolombia.com/es/unidad-inmobiliaria/682/santa-cecilia
079-2576,https://www.activosporcolombia.com/es/unidad-inmobiliaria/682/santa-cecilia
079-26788,https://www.activosporcolombia.com/es/inmueble/16009/las-mercedes
079-29163,https://www.activosporcolombia.com/es/unidad-inmobiliaria/682/santa-cecilia
079-29450,https://www.activosporcolombia.com/es/unidad-inmobiliaria/682/santa-cecilia
080-104479,https://www.activosporcolombia.com/es/unidad-inmobiliaria/586/apartamento-en-gestion-santa-marta-magdalena
080-122059,https://www.activosporcolombia.com/es/unidad-inmobiliaria/500/casa-en-gestion-santa-marta-magdalena
080-1624,https://www.activosporcolombia.com/es/inmueble/5402/edificacion-para-hotel-motel-en-venta-santa-marta-magdalena
080-23378,https://www.activosporcolombia.com/es/inmueble/13221/lote-en-gestion-santa-marta-magdalena
080-26084,https://www.activosporcolombia.com/es/unidad-inmobiliaria/657/apartamento-en-gestion-santa-marta-magdalena
080-26085,https://www.activosporcolombia.com/es/unidad-inmobiliaria/657/apartamento-en-gestion-santa-marta-magdalena
080-41849,https://www.activosporcolombia.com/es/unidad-inmobiliaria/585/casa-en-gestion-santa-marta-magdalena
080-41850,https://www.activosporcolombia.com/es/unidad-inmobiliaria/585/casa-en-gestion-santa-marta-magdalena
080-58289,https://www.activosporcolombia.com/es/unidad-inmobiliaria/634/apartamento-en-gestion-santa-marta-magdalena
080-61564,https://www.activosporcolombia.com/es/inmueble/28465/lote-ubicado-sobre-la-carretera-central-del-caribe-zona-industrial
080-68092,https://www.activosporcolombia.com/es/inmueble/88/local-comercial-en-arriendo-santa-marta-magdalena
080-68935,https://www.activosporcolombia.com/es/inmueble/26579/local-comercial-en-gestion-santa-marta-magdalena
080-74331,https://www.activosporcolombia.com/es/inmueble/22041/local-comercial-en-gestion-santa-marta-magdalena
100-11713,https://www.activosporcolombia.com/es/inmueble/16973/casa-en-venta-manizales
100-17480,https://www.activosporcolombia.com/es/inmueble/8042/lote-en-venta-chinchina-caldas
100-22365,https://www.activosporcolombia.com/es/inmueble/29559/lote-en-gestion-manizales-caldas
100-40421,https://www.activosporcolombia.com/es/inmueble/17274/casa-en-venta-manizales-caldas
100-9831,https://www.activosporcolombia.com/es/inmueble/17211/casa-en-venta-caldas-manizales
106-17827,https://www.activosporcolombia.com/es/inmueble/21078/casa-en-venta-la-dorada
106-5661,https://www.activosporcolombia.com/es/inmueble/16431/cl-14-4-48-52-44
114-16637,https://www.activosporcolombia.com/es/inmueble/25351/local-comercial-en-gestion-samana-caldas
114-16638,https://www.activosporcolombia.com/es/inmueble/25354/carrera-9-5-57-79-edificio-dona-celina-primera-planta-local-comercial-tres-2-c-9-01-15
114-16640,https://www.activosporcolombia.com/es/unidad-inmobiliaria/496/casa-en-gestion-samana-caldas
114-16641,https://www.activosporcolombia.com/es/unidad-inmobiliaria/496/casa-en-gestion-samana-caldas
114-16642,https://www.activosporcolombia.com/es/inmueble/25364/casa-en-gestion-samana-caldas
118-9771,https://www.activosporcolombia.com/es/inmueble/32468/casa-en-gestion-salamina-caldas
120-85183,https://www.activosporcolombia.com/es/inmueble/28469/casa-en-gestion-popayan-cauca
120-94196,https://www.activosporcolombia.com/es/inmueble/3422/casa-en-gestion-popayan-cauca
132-10915,https://www.activosporcolombia.com/es/inmueble/5492/local-comercial-en-gestion-santander-de-quilichao-cauca
132-15225,https://www.activosporcolombia.com/es/inmueble/17460/casa-en-gestion-santander-de-quilichao-cauca
132-37119,https://www.activosporcolombia.com/es/inmueble/21080/casa-en-gestion-santander-de-quilichao-cauca
132-38151,https://www.activosporcolombia.com/es/inmueble/20111/casa-en-gestion-santander-de-quilichao-cauca
132-38193,https://www.activosporcolombia.com/es/inmueble/20129/casa-en-gestion-santander-de-quilichao-cauca
132-6184,https://www.activosporcolombia.com/es/inmueble/22205/casa-lote-santander-de-qulichao
132-7621,https://www.activosporcolombia.com/es/inmueble/27858/casa-en-gestion-santander-de-quilichao-cauca
140-103759,https://www.activosporcolombia.com/es/inmueble/20582/cl-22-22-08
140-118933,https://www.activosporcolombia.com/es/unidad-inmobiliaria/489/apartamento-en-gestion-monteria-cordoba
140-118952,https://www.activosporcolombia.com/es/unidad-inmobiliaria/489/apartamento-en-gestion-monteria-cordoba
140-158976,https://www.activosporcolombia.com/es/inmueble/4228/cl-42-1-d-36-lc-1-el-mantial
140-1647,https://www.activosporcolombia.com/es/inmueble/14223/casa-en-gestion-monteria-cordoba
140-35039,https://www.activosporcolombia.com/es/inmueble/26778/apartamento-en-gestion-monteria-cordoba
140-51460,https://www.activosporcolombia.com/es/inmueble/12753/casa-en-venta-monteria
140-56047,https://www.activosporcolombia.com/es/inmueble/12766/lote-en-gestion-monteria-cordoba
140-61746,https://www.activosporcolombia.com/es/inmueble/13866/casa-en-gestion-monteria-cordoba
140-68016,https://www.activosporcolombia.com/es/inmueble/16615/manzana-1-lote-18
140-80317,https://www.activosporcolombia.com/es/inmueble/14035/finca-en-gestion-monteria-cordoba
148-19742,https://www.activosporcolombia.com/es/inmueble/27485/finca-en-venta-sahagun
156-47585,https://www.activosporcolombia.com/es/inmueble/5457/casa-en-gestion-facatativa-cundinamarca
156-65934,https://www.activosporcolombia.com/es/inmueble/17160/lote-en-gestion-sasaima-cundinamarca
156-9221,https://www.activosporcolombia.com/es/inmueble/16120/finca-en-gestion-sasaima-cundinamarca
157-31000,https://www.activosporcolombia.com/es/inmueble/15458/lote-en-gestion-fusagasuga-cundinamarca
157-35368,https://www.activosporcolombia.com/es/inmueble/18942/lote-en-gestion-fusagasuga-cundinamarca
157-37936,https://www.activosporcolombia.com/es/unidad-inmobiliaria/664/lote-en-gestion-fusagasuga-cundinamarca
157-42454,https://www.activosporcolombia.com/es/inmueble/30752/lc-102-cc-avenida-las-palmas-av-las-palmas-8-05
157-42457,https://www.activosporcolombia.com/es/inmueble/33596/lc-05-cr-8-8-10-ed-centro-comercial
157-42458,https://www.activosporcolombia.com/es/inmueble/33604/lc-6-ed-cc-av-av-las-palmas-cr-8
157-42460,https://www.activosporcolombia.com/es/inmueble/30866/cc-av-cr-8-av-las-palmas-lc-201
157-46843,https://www.activosporcolombia.com/es/unidad-inmobiliaria/660/lote-en-gestion-fusagasuga-cundinamarca
157-47544,https://www.activosporcolombia.com/es/inmueble/21677/finca-en-venta-fusagasuga
157-50452,https://www.activosporcolombia.com/es/unidad-inmobiliaria/912/unidad-inmobiliaria-515190
157-50453,https://www.activosporcolombia.com/es/unidad-inmobiliaria/912/unidad-inmobiliaria-515190
157-54291,https://www.activosporcolombia.com/es/inmueble/8628/lote-en-gestion-fusagasuga-cundinamarca
157-67351,https://www.activosporcolombia.com/es/inmueble/11614/lote-en-gestion-arbelaez-cundinamarca
157-9244,https://www.activosporcolombia.com/es/inmueble/30849/cs-lt-cr-7-7-26-fusagasuga
166-12561,https://www.activosporcolombia.com/es/inmueble/19062/casa-en-gestion-la-mesa-cundinamarca
166-3218,https://www.activosporcolombia.com/es/inmueble/21774/casa-en-venta-el-colegio
166-53257,https://www.activosporcolombia.com/es/inmueble/35922/casa-lote-en-gestion-anapoima-cundinamarca
176-103813,https://www.activosporcolombia.com/es/inmueble/23080/casa-en-gestion-sopo-cundinamarca
176-119728,https://www.activosporcolombia.com/es/inmueble/13659/lt-1
176-119729,https://www.activosporcolombia.com/es/inmueble/13673/lt-2
176-119730,https://www.activosporcolombia.com/es/inmueble/13691/lt-3
176-119731,https://www.activosporcolombia.com/es/inmueble/13710/lt-4
176-119732,https://www.activosporcolombia.com/es/inmueble/13731/lt-area-de-reserva-para-vi-de-acceso
176-62251,https://www.activosporcolombia.com/es/inmueble/638/lote-en-venta-sopo-cundinamarca
190-85028,https://www.activosporcolombia.com/es/inmueble/15731/casa-en-gestion-valledupar-cesar
192-24513,https://www.activosporcolombia.com/es/inmueble/26283/casa-lote-en-gestion-pelaya-cesar
200-100281,https://www.activosporcolombia.com/es/inmueble/194/casa-en-venta-neiva
200-161345,https://www.activosporcolombia.com/es/inmueble/195/casa-en-venta-neiva
200-163929,https://www.activosporcolombia.com/es/inmueble/463/avaluo-en-gestion-neiva-huila
200-180041,https://www.activosporcolombia.com/es/inmueble/37879/casa-en-venta-neiva-huila
200-180080,https://www.activosporcolombia.com/es/inmueble/356/casa-en-venta-neiva-huila
200-194800,https://www.activosporcolombia.com/es/inmueble/214/lote-en-venta-neiva-huila
200-20418,https://www.activosporcolombia.com/es/inmueble/21762/local-comercial-en-gestion-neiva-huila
200-213518,https://www.activosporcolombia.com/es/inmueble/462/avaluo-en-gestion-neiva-huila
200-44050,https://www.activosporcolombia.com/es/inmueble/5932/lote-en-venta-neiva
200-70648,https://www.activosporcolombia.com/es/inmueble/17358/bodega-en-venta-neiva
206-56088,https://www.activosporcolombia.com/es/inmueble/33952/lote-en-gestion-pitalito-huila
210-11051,https://www.activosporcolombia.com/es/inmueble/36494/casa-en-gestion-riohacha-la-guajira
210-32084,https://www.activosporcolombia.com/es/inmueble/8116/casa-en-gestion-riohacha-la-guajira
210-42954,https://www.activosporcolombia.com/es/unidad-inmobiliaria/609/casa-en-gestion-riohacha-la-guajira
210-42989,https://www.activosporcolombia.com/es/unidad-inmobiliaria/609/casa-en-gestion-riohacha-la-guajira
210-7695,https://www.activosporcolombia.com/es/inmueble/7770/lote-con-construccion-en-gestion-riohacha-la-guajira
230-111965,https://www.activosporcolombia.com/es/inmueble/14341/casa-recreo-en-gestion-villavicencio-meta
230-111966,https://www.activosporcolombia.com/es/inmueble/14349/lote-en-venta-villavicencio
230-12289,https://www.activosporcolombia.com/es/inmueble/12063/kr-39-25-90
230-135751,https://www.activosporcolombia.com/es/inmueble/25601/local-comercial-en-gestion-villavicencio-meta
230-149897,https://www.activosporcolombia.com/es/inmueble/822/cl-5-sur-26-26-cs-9-multifamiliar-baja-altura-4
230-156065,https://www.activosporcolombia.com/es/inmueble/29637/casa-en-gestion-villavicencio-meta
230-16131,https://www.activosporcolombia.com/es/inmueble/10042/kr-39-7-d-17-19-21-mz-52-cs-17
230-18020,https://www.activosporcolombia.com/es/inmueble/29/casa-en-venta-villavicencio-meta
230-210944,https://www.activosporcolombia.com/es/inmueble/3906/lote-en-gestion-restrepo-meta
230-210950,https://www.activosporcolombia.com/es/inmueble/3952/lote-en-gestion-restrepo-meta
230-210951,https://www.activosporcolombia.com/es/inmueble/3964/lote-en-gestion-restrepo-meta
230-210952,https://www.activosporcolombia.com/es/inmueble/3988/lote-en-gestion-restrepo-meta
230-210955,https://www.activosporcolombia.com/es/inmueble/4008/lote-en-gestion-restrepo-meta
230-210956,https://www.activosporcolombia.com/es/inmueble/4029/lote-en-gestion-restrepo-meta
230-21819,https://www.activosporcolombia.com/es/inmueble/40/parqueadero-en-venta-en-villavivencio-meta
230-55183,https://www.activosporcolombia.com/es/inmueble/21281/kr-41-51-107-sur
230-60406,https://www.activosporcolombia.com/es/inmueble/24138/local-comercial-en-gestion-villavicencio-meta
230-6333,https://www.activosporcolombia.com/es/inmueble/543/casa-recreo-en-venta-villavicencio
230-63380,https://www.activosporcolombia.com/es/unidad-inmobiliaria/819/lote-en-gestion-villavicencio-meta
230-63381,https://www.activosporcolombia.com/es/unidad-inmobiliaria/819/lote-en-gestion-villavicencio-meta
230-65626,https://www.activosporcolombia.com/es/inmueble/11195/lc-c-lt-3-ps-5-cl-37-a-19-b-97
230-68036,https://www.activosporcolombia.com/es/inmueble/33583/apartamento-en-venta-villavicencio
230-85728,https://www.activosporcolombia.com/es/inmueble/28/lote-en-venta-villavicencio-meta
230-86630,https://www.activosporcolombia.com/es/inmueble/472/casa-en-venta-villavicencio
230-92709,https://www.activosporcolombia.com/es/inmueble/32066/lote-en-gestion-villavicencio-meta
232-10132,https://www.activosporcolombia.com/es/inmueble/11209/finca-en-gestion-acacias-meta
232-10958,https://www.activosporcolombia.com/es/inmueble/6150/casa-en-gestion-acacias-meta
232-17266,https://www.activosporcolombia.com/es/inmueble/10699/finca-en-gestion-guamal-meta
232-32964,https://www.activosporcolombia.com/es/unidad-inmobiliaria/93/lote-en-venta-guamal-meta
232-38326,https://www.activosporcolombia.com/es/unidad-inmobiliaria/93/lote-en-venta-guamal-meta
232-38327,https://www.activosporcolombia.com/es/unidad-inmobiliaria/93/lote-en-venta-guamal-meta
232-6278,https://www.activosporcolombia.com/es/inmueble/25589/casa-en-venta-acacias
236-9986,https://www.activosporcolombia.com/es/inmueble/32948/local-comercial-en-gestion-granada-meta
240-104375,https://www.activosporcolombia.com/es/inmueble/3015/edificio-en-gestion-pasto-narino
240-193460,https://www.activosporcolombia.com/es/inmueble/4338/casa-en-gestion-pasto-narino
240-61215,https://www.activosporcolombia.com/es/inmueble/36073/casa-en-gestion-pasto-narino
240-93196,https://www.activosporcolombia.com/es/inmueble/6933/edificio-en-venta-pasto
244-42100,https://www.activosporcolombia.com/es/inmueble/181/casa-en-venta-ipiales
244-43977,https://www.activosporcolombia.com/es/inmueble/180/casa-en-venta-ipiales-narino
244-82073,https://www.activosporcolombia.com/es/inmueble/539/parqueadero-comercial-en-venta-ipiales
244-96759,https://www.activosporcolombia.com/es/inmueble/212/lote-con-construccion-en-venta-ipiales
260-116327,https://www.activosporcolombia.com/es/inmueble/11772/local-comercial-en-venta-cucuta
260-146489,https://www.activosporcolombia.com/es/inmueble/16075/casa-en-gestion-san-jose-de-cucuta-norte-de-santander
260-15131,https://www.activosporcolombia.com/es/unidad-inmobiliaria/811/lote-en-gestion-san-jose-de-cucuta-norte-de-santander
260-175061,https://www.activosporcolombia.com/es/inmueble/32400/cl-41-4-08-mz-7-lt-1-ur-trigal
260-175062,https://www.activosporcolombia.com/es/inmueble/32405/cl-41-414-cs-2-mz-07-cj-residencial-el-trigal-del
260-191899,https://www.activosporcolombia.com/es/inmueble/18317/casa-en-venta-cucuta
260-247151,https://www.activosporcolombia.com/es/inmueble/12331/casa-en-venta-cucuta
260-247393,https://www.activosporcolombia.com/es/inmueble/14467/casa-en-venta-cucuta
260-257249,https://www.activosporcolombia.com/es/inmueble/12333/casa-en-venta-cucuta
260-277232,https://www.activosporcolombia.com/es/inmueble/32426/av-variante-la-floresta-6-57-cs-17
270-14325,https://www.activosporcolombia.com/es/inmueble/20480/local-comercial-en-gestion-ocana-norte-de-santander
270-50197,https://www.activosporcolombia.com/es/inmueble/30076/calle-11-esquina-cra-13-suite-residencial-201-edificio-mixto-azul
280-162187,https://www.activosporcolombia.com/es/inmueble/11629/casa-6-calle-19-norte-no-10-41-manzana-i
280-166884,https://www.activosporcolombia.com/es/inmueble/7520/cr-19-21n-48
280-2083,https://www.activosporcolombia.com/es/inmueble/22491/casa-en-venta-armenia
280-2861,https://www.activosporcolombia.com/es/inmueble/17109/ap-301-ed-la-pola-armenia-cr-15-22-43
280-35672,https://www.activosporcolombia.com/es/inmueble/17119/casa-en-gestion-armenia-quindio
280-59558,https://www.activosporcolombia.com/es/inmueble/22612/casa-en-venta-armenia
280-79690,https://www.activosporcolombia.com/es/inmueble/25279/cl-23-kr-17-18
280-79691,https://www.activosporcolombia.com/es/inmueble/25275/kr-18-22-49-57
290-108545,https://www.activosporcolombia.com/es/inmueble/18605/mz-12-cs-5-br-perla-del-sur-cuba
290-116360,https://www.activosporcolombia.com/es/unidad-inmobiliaria/492/casa-en-gestion-pereira-risaralda
290-116361,https://www.activosporcolombia.com/es/unidad-inmobiliaria/492/casa-en-gestion-pereira-risaralda
290-116406,https://www.activosporcolombia.com/es/unidad-inmobiliaria/492/casa-en-gestion-pereira-risaralda
290-120642,https://www.activosporcolombia.com/es/inmueble/14103/local-comercial-en-venta-la-virginia
290-136701,https://www.activosporcolombia.com/es/inmueble/5097/lt-sec-la-cristalina-vda-alcatracia
290-143529,https://www.activosporcolombia.com/es/inmueble/14510/casa-en-gestion-pereira-risaralda
290-152826,https://www.activosporcolombia.com/es/inmueble/25208/casa-en-gestion-pereira-risaralda
290-154837,https://www.activosporcolombia.com/es/inmueble/25443/lote-en-venta-pereira-risaralda
290-170186,https://www.activosporcolombia.com/es/inmueble/22108/casa-en-gestion-pereira-risaralda
290-26715,https://www.activosporcolombia.com/es/inmueble/36148/lote-en-gestion-pereira-risaralda
290-30258,https://www.activosporcolombia.com/es/inmueble/31844/casa-en-gestion-pereira-risaralda
290-32958,https://www.activosporcolombia.com/es/inmueble/18626/kr-34-a-71-12-barrio-los-sauces
290-45559,https://www.activosporcolombia.com/es/inmueble/24039/local-comercial-en-gestion-pereira-risaralda
290-75236,https://www.activosporcolombia.com/es/inmueble/12124/cl-98-b-15-a-05-lt-1c-mz-c-ur-belmonte
290-94886,https://www.activosporcolombia.com/es/unidad-inmobiliaria/366/apartamento-en-venta-pereira
294-143,https://www.activosporcolombia.com/es/unidad-inmobiliaria/624/apartamento-en-gestion-dosquebradas-risaralda
294-148,https://www.activosporcolombia.com/es/unidad-inmobiliaria/624/apartamento-en-gestion-dosquebradas-risaralda
294-18399,https://www.activosporcolombia.com/es/inmueble/5705/lote-en-gestion-dosquebradas-risaralda
294-38487,https://www.activosporcolombia.com/es/inmueble/16678/casa-en-venta-dosquebradas
294-55985,https://www.activosporcolombia.com/es/inmueble/25800/casa-en-venta-dosquebradas
294-74418,https://www.activosporcolombia.com/es/inmueble/19573/tv-21-18-180-ap-202-to-3-ul-senderos-de-la-pradera
294-74652,https://www.activosporcolombia.com/es/inmueble/19581/tv-21-18-180-ga-94-to-3-ul-residencial-senderos-de-la-pradera
296-19016,https://www.activosporcolombia.com/es/inmueble/26313/casa-en-gestion-santa-rosa-de-cabal-risaralda
296-40503,https://www.activosporcolombia.com/es/inmueble/17221/casa-lote-en-gestion-santa-rosa-de-cabal-risaralda
296-4303,https://www.activosporcolombia.com/es/inmueble/16398/lote-en-gestion-santa-rosa-de-cabal-risaralda
300-153881,https://www.activosporcolombia.com/es/inmueble/14153/finca-en-gestion-matanza-santander
300-155841,https://www.activosporcolombia.com/es/inmueble/11685/local-comercial-en-venta-bucaramanga
300-199296,https://www.activosporcolombia.com/es/inmueble/9742/apartamento-en-venta-bucaramanga
300-206492,https://www.activosporcolombia.com/es/inmueble/8259/casa-lote-en-venta-bucaramanga
300-216088,https://www.activosporcolombia.com/es/inmueble/32388/garaje-en-gestion-bucaramanga-santander
300-234358,https://www.activosporcolombia.com/es/inmueble/34480/bodega-en-gestion-bucaramanga-santander
300-287777,https://www.activosporcolombia.com/es/inmueble/13224/parqueadero-comercial-en-gestion-bucaramanga-santander
300-39854,https://www.activosporcolombia.com/es/inmueble/13690/local-comercial-en-gestion-bucaramanga-santander
300-52646,https://www.activosporcolombia.com/es/inmueble/7227/casa-en-gestion-bucaramanga-santander
307-1732,https://www.activosporcolombia.com/es/inmueble/29539/0
307-1872,https://www.activosporcolombia.com/es/inmueble/29555/lote-3
307-1874,https://www.activosporcolombia.com/es/inmueble/29572/lote-1-b
307-41852,https://www.activosporcolombia.com/es/inmueble/31909/casa-en-gestion-ricaurte-cundinamarca
307-4622,https://www.activosporcolombia.com/es/inmueble/29606/lote-el-danubio
307-4623,https://www.activosporcolombia.com/es/inmueble/29626/lote-el-danubio
307-5960,https://www.activosporcolombia.com/es/inmueble/32554/condominio-campestre-el-penon-sc-1-cs-200
307-6075,https://www.activosporcolombia.com/es/inmueble/28575/condominio-campestre-el-penon-segundo-sector-lt-85
307-6079,https://www.activosporcolombia.com/es/inmueble/37517/casa-en-venta-girardot
307-62070,https://www.activosporcolombia.com/es/inmueble/19342/lote-en-gestion-tocaima-cundinamarca
312-4604,https://www.activosporcolombia.com/es/inmueble/23207/casa-en-venta-malaga
312-9669,https://www.activosporcolombia.com/es/inmueble/21168/casa-en-gestion-malaga-santander
314-11794,https://www.activosporcolombia.com/es/inmueble/8920/cl-1-n-b-16-03
314-12925,https://www.activosporcolombia.com/es/inmueble/8168/casa-en-venta-piedecuesta
314-14687,https://www.activosporcolombia.com/es/inmueble/17884/casa-en-venta-piedecuesta
314-25427,https://www.activosporcolombia.com/es/inmueble/3369/casa-en-venta-piedecuesta-santander
321-240,https://www.activosporcolombia.com/es/inmueble/6639/finca-en-gestion-simacota-santander
321-25061,https://www.activosporcolombia.com/es/inmueble/6652/finca-en-gestion-simacota-santander
321-31507,https://www.activosporcolombia.com/es/inmueble/6644/finca-en-gestion-simacota-santander
324-22722,https://www.activosporcolombia.com/es/inmueble/13548/finca-en-gestion-cimitarra-santander
324-27344,https://www.activosporcolombia.com/es/unidad-inmobiliaria/760/finca-en-venta-cimitarra
324-27427,https://www.activosporcolombia.com/es/unidad-inmobiliaria/760/finca-en-venta-cimitarra
324-39335,https://www.activosporcolombia.com/es/inmueble/11178/lote-en-gestion-cimitarra-santander
324-60506,https://www.activosporcolombia.com/es/inmueble/29913/finca-en-gestion-cimitarra-santander
340-108177,https://www.activosporcolombia.com/es/unidad-inmobiliaria/602/apartamento-en-gestion-santiago-de-tolu-sucre
340-108198,https://www.activosporcolombia.com/es/unidad-inmobiliaria/602/apartamento-en-gestion-santiago-de-tolu-sucre
340-5175,https://www.activosporcolombia.com/es/inmueble/35843/casa-recreo-en-gestion-santiago-de-tolu-sucre
340-58117,https://www.activosporcolombia.com/es/inmueble/14069/casa-recreo-en-gestion-sincelejo-sucre
340-66825,https://www.activosporcolombia.com/es/inmueble/10040/lote-en-gestion-sincelejo-sucre
350-112074,https://www.activosporcolombia.com/es/inmueble/34178/casa-en-gestion-ibague-tolima
350-135487,https://www.activosporcolombia.com/es/inmueble/31315/cr-10-61-19-cs-43
350-185245,https://www.activosporcolombia.com/es/inmueble/193/casa-en-venta-ibague-tolima
350-185254,https://www.activosporcolombia.com/es/inmueble/25996/casa-en-gestion-ibague-tolima
350-185841,https://www.activosporcolombia.com/es/inmueble/11722/cl-77-14-80-kr-14-8121-conjunto-portal-del-vergel-club-house-y-condominio-casa-lote-b-058
350-185881,https://www.activosporcolombia.com/es/inmueble/11717/cl-77-14-80-kr-14-81-21-cj-portal-del-vergel-club-house-y-condominio-gj-066
350-189971,https://www.activosporcolombia.com/es/inmueble/23796/lote-en-gestion-ibague-tolima
350-20473,https://www.activosporcolombia.com/es/inmueble/10705/casa-en-gestion-ibague-tolima
350-71876,https://www.activosporcolombia.com/es/inmueble/35102/casa-en-gestion-ibague-tolima
350-71911,https://www.activosporcolombia.com/es/inmueble/35094/cs-4-urbanizacion-camino-de-vergel
350-8604,https://www.activosporcolombia.com/es/inmueble/506/avaluo-en-gestion-ibague-tolima
357-38515,https://www.activosporcolombia.com/es/inmueble/19266/casa-en-gestion-espinal-tolima
370-106783,https://www.activosporcolombia.com/es/inmueble/25933/local-comercial-en-gestion-cali-valle-del-cauca
370-111041,https://www.activosporcolombia.com/es/inmueble/26538/casa-en-gestion-santiago-de-cali-valle-del-cauca
370-111496,https://www.activosporcolombia.com/es/inmueble/31905/cr-4-2a-71-pa-72-tr-estelar
370-111497,https://www.activosporcolombia.com/es/inmueble/31911/cr-4-2-a-71-ed-miravalle-tr-estelar
370-111524,https://www.activosporcolombia.com/es/inmueble/31915/ap-1101-cr-4-2a-71-115
370-11756,https://www.activosporcolombia.com/es/inmueble/20204/casa-en-gestion-cali-valle-del-cauca
370-119995,https://www.activosporcolombia.com/es/inmueble/11429/casa-en-gestion-cali-valle-del-cauca
370-120561,https://www.activosporcolombia.com/es/inmueble/5836/casa-en-gestion-cali-valle-del-cauca
370-124423,https://www.activosporcolombia.com/es/inmueble/3139/local-en-venta-cali-valle-del-cauca
370-124424,https://www.activosporcolombia.com/es/inmueble/2732/local-comercial-en-venta-cali-valle-del-cauca
370-124425,https://www.activosporcolombia.com/es/inmueble/3107/oficina-en-venta-cali-valle-del-cauca
370-124426,https://www.activosporcolombia.com/es/inmueble/3113/local-comercial-en-venta-cali-valle-del-cauca
370-124427,https://www.activosporcolombia.com/es/inmueble/3121/local-comercial-en-venta-cali-valle-del-cauca
370-124428,https://www.activosporcolombia.com/es/inmueble/3145/local-comercial-en-venta-cali-valle-del-cauca
370-124429,https://www.activosporcolombia.com/es/inmueble/2736/local-comercial-en-venta-cali-valle-del-cauca
370-124430,https://www.activosporcolombia.com/es/inmueble/3930/local-comercial-en-venta-cali-valle-del-cauca
370-124431,https://www.activosporcolombia.com/es/inmueble/3151/local-comercial-en-venta-cali
370-124432,https://www.activosporcolombia.com/es/inmueble/3157/local-comercial-en-venta-cali-valle-del-cauca
370-124433,https://www.activosporcolombia.com/es/inmueble/3936/local-comercial-en-venta-cali-valle-del-cauca
370-124434,https://www.activosporcolombia.com/es/inmueble/3127/local-comercial-en-venta-cali-valle-del-cauca
370-124867,https://www.activosporcolombia.com/es/unidad-inmobiliaria/152/apartamento-en-gestion-cali-valle-del-cauca
370-140568,https://www.activosporcolombia.com/es/unidad-inmobiliaria/629/lote-en-gestion-jamundi-valle-del-cauca
370-15063,https://www.activosporcolombia.com/es/inmueble/33461/casa-en-venta-cali
370-16487,https://www.activosporcolombia.com/es/inmueble/22515/cs-cr-62-9-219-urb-niza
370-169421,https://www.activosporcolombia.com/es/inmueble/26459/cl-47-47a-cr-50-49a-mz-c-cs-17
370-18094,https://www.activosporcolombia.com/es/inmueble/18274/mz-l-del-br-ciudad-jardin-2-et
370-211323,https://www.activosporcolombia.com/es/inmueble/36262/casa-en-venta-cali
370-211552,https://www.activosporcolombia.com/es/inmueble/27943/casa-en-gestion-cali-valle-del-cauca
370-216973,https://www.activosporcolombia.com/es/inmueble/31973/casa-en-gestion-cali-valle-del-cauca
370-224792,https://www.activosporcolombia.com/es/inmueble/15932/finca-en-gestion-cali-valle-del-cauca
370-262717,https://www.activosporcolombia.com/es/inmueble/7161/fi-el-esfuerzo-cgto-el-hormiguero
370-285211,https://www.activosporcolombia.com/es/inmueble/18365/finca-en-gestion-cali-valle-del-cauca
370-290072,https://www.activosporcolombia.com/es/inmueble/26883/casa-en-gestion-cali-valle-del-cauca
370-312197,https://www.activosporcolombia.com/es/inmueble/34717/casa-en-venta-cali
370-313693,https://www.activosporcolombia.com/es/inmueble/30445/casa-en-venta-cali
370-325299,https://www.activosporcolombia.com/es/inmueble/11797/casa-en-gestion-cali-valle-del-cauca
370-34389,https://www.activosporcolombia.com/es/inmueble/36332/calle-12-65c-38-urb-el-gran-limonar
370-346799,https://www.activosporcolombia.com/es/inmueble/8859/cs-lt-4-con-villacampestre-cr-114-y-116-10-50
370-348353,https://www.activosporcolombia.com/es/inmueble/36704/casa-en-venta-cali-valle-del-cauca
370-349826,https://www.activosporcolombia.com/es/inmueble/14847/apartamento-en-venta-cali
370-351475,https://www.activosporcolombia.com/es/inmueble/20561/local-comercial-en-gestion-cali-valle-del-cauca
370-354599,https://www.activosporcolombia.com/es/unidad-inmobiliaria/58/apartamento-con-garaje-en-venta-cali-valle-del-cauca
370-363416,https://www.activosporcolombia.com/es/unidad-inmobiliaria/92/casa-con-garaje-en-venta-cali-valle-del-cauca
370-363424,https://www.activosporcolombia.com/es/unidad-inmobiliaria/2/casa-en-venta-cali-el-refugio
370-363442,https://www.activosporcolombia.com/es/unidad-inmobiliaria/92/casa-con-garaje-en-venta-cali-valle-del-cauca
370-363450,https://www.activosporcolombia.com/es/unidad-inmobiliaria/2/casa-en-venta-cali-el-refugio
370-363672,https://www.activosporcolombia.com/es/inmueble/3621/casa-en-venta-cali
370-364299,https://www.activosporcolombia.com/es/unidad-inmobiliaria/777/apartamento-en-venta-cali
370-374215,https://www.activosporcolombia.com/es/inmueble/5403/casa-en-venta-cali
370-401398,https://www.activosporcolombia.com/es/unidad-inmobiliaria/157/apartamento-en-venta-cali
370-438441,https://www.activosporcolombia.com/es/inmueble/17300/lc-202-cc-cuidad-jardin-cl-18-106-98
370-460534,https://www.activosporcolombia.com/es/inmueble/8752/garaje-en-gestion-cali-valle-del-cauca
370-460676,https://www.activosporcolombia.com/es/inmueble/3010/apartamento-en-gestion-santiago-de-cali-valle-del-cauca
370-460726,https://www.activosporcolombia.com/es/inmueble/2699/apartamento-en-gestion-cali-valle-del-cauca
370-460753,https://www.activosporcolombia.com/es/inmueble/2575/apartamento-en-gestion-cali-valle-del-cauca
370-483809,https://www.activosporcolombia.com/es/unidad-inmobiliaria/706/apartamento-en-gestion-santiago-de-cali-valle-del-cauca
370-49716,https://www.activosporcolombia.com/es/inmueble/28215/casa-en-gestion-santiago-de-cali-valle-del-cauca
370-513736,https://www.activosporcolombia.com/es/inmueble/560/casa-en-venta-cali
370-54138,https://www.activosporcolombia.com/es/inmueble/18279/mz-l-del-br-ciudad-jardin-2-et
370-550757,https://www.activosporcolombia.com/es/inmueble/5521/garaje-en-gestion-cali-valle-del-cauca
370-550758,https://www.activosporcolombia.com/es/inmueble/5515/garaje-en-gestion-cali-valle-del-cauca
370-550783,https://www.activosporcolombia.com/es/inmueble/5360/garaje-en-gestion-cali-valle-del-cauca
370-550784,https://www.activosporcolombia.com/es/inmueble/5355/garaje-en-gestion-cali-valle-del-cauca
370-550982,https://www.activosporcolombia.com/es/inmueble/3861/apartamento-en-gestion-cali-valle-del-cauca
370-550986,https://www.activosporcolombia.com/es/inmueble/3668/apartamento-en-gestion-cali-valle-del-cauca
370-551003,https://www.activosporcolombia.com/es/inmueble/4294/apartamento-en-gestion-cali-valle-del-cauca
370-551006,https://www.activosporcolombia.com/es/inmueble/4263/apartamento-en-gestion-cali-valle-del-cauca
370-551044,https://www.activosporcolombia.com/es/inmueble/2956/apartamento-en-gestion-cali-valle-del-cauca
370-554162,https://www.activosporcolombia.com/es/unidad-inmobiliaria/766/oficina-en-venta-cali
370-554175,https://www.activosporcolombia.com/es/unidad-inmobiliaria/766/oficina-en-venta-cali
370-554178,https://www.activosporcolombia.com/es/unidad-inmobiliaria/766/oficina-en-venta-cali
370-554233,https://www.activosporcolombia.com/es/unidad-inmobiliaria/766/oficina-en-venta-cali
370-554261,https://www.activosporcolombia.com/es/unidad-inmobiliaria/766/oficina-en-venta-cali
370-573144,https://www.activosporcolombia.com/es/unidad-inmobiliaria/406/apartamento-en-venta-cali
370-602757,https://www.activosporcolombia.com/es/inmueble/26251/cs-9-con-jockey-club-iii-cl-12-a-107-25
370-617812,https://www.activosporcolombia.com/es/inmueble/320/edificio-en-venta-cali
370-635429,https://www.activosporcolombia.com/es/inmueble/12539/casa-en-gestion-cali-valle-del-cauca
370-67599,https://www.activosporcolombia.com/es/inmueble/13339/casa-en-venta-cali
370-693924,https://www.activosporcolombia.com/es/inmueble/25052/casa-en-gestion-cali-valle-del-cauca
370-705544,https://www.activosporcolombia.com/es/inmueble/529/casa-en-venta-cali
370-707905,https://www.activosporcolombia.com/es/inmueble/21738/cr-103-12-b-106-bl-q-cs-3
370-712546,https://www.activosporcolombia.com/es/unidad-inmobiliaria/26/casa-con-garaje-en-venta
370-712680,https://www.activosporcolombia.com/es/unidad-inmobiliaria/26/casa-con-garaje-en-venta
370-719311,https://www.activosporcolombia.com/es/inmueble/126/casa-en-venta-cali
370-721629,https://www.activosporcolombia.com/es/inmueble/7136/casa-en-gestion-cali-valle-del-cauca
370-736526,https://www.activosporcolombia.com/es/unidad-inmobiliaria/739/apartamento-en-venta-cali
370-736579,https://www.activosporcolombia.com/es/unidad-inmobiliaria/101/apartamento-en-venta-cali-valle-del-cauca
370-748113,https://www.activosporcolombia.com/es/unidad-inmobiliaria/448/local-comercial-en-gestion-cali-valle-del-cauca
370-758947,https://www.activosporcolombia.com/es/inmueble/11029/casa-en-gestion-jamundi-valle-del-cauca
370-771118,https://www.activosporcolombia.com/es/inmueble/28346/casa-en-gestion-cali-valle-del-cauca
370-800090,https://www.activosporcolombia.com/es/inmueble/11224/apartamento-en-gestion-cali-valle-del-cauca
370-91426,https://www.activosporcolombia.com/es/inmueble/5306/casa-en-venta-cali
370-92873,https://www.activosporcolombia.com/es/inmueble/37913/casa-en-gestion-cali-valle-del-cauca
370-99860,https://www.activosporcolombia.com/es/inmueble/37365/lote-en-gestion-cali-valle-del-cauca
370-99878,https://www.activosporcolombia.com/es/inmueble/37321/lote-en-gestion-cali-valle-del-cauca
373-23372,https://www.activosporcolombia.com/es/unidad-inmobiliaria/817/apartamento-en-gestion-guadalajara-de-buga-valle-del-cauca
373-235,https://www.activosporcolombia.com/es/inmueble/37468/casa-en-gestion-guadalajara-de-buga-valle-del-cauca
373-24435,https://www.activosporcolombia.com/es/inmueble/15023/casa-en-gestion-guadalajara-de-buga-valle-del-cauca
373-31525,https://www.activosporcolombia.com/es/inmueble/14944/casa-en-gestion-guadalajara-de-buga-valle-del-cauca
373-34423,https://www.activosporcolombia.com/es/inmueble/14784/casa-lote-en-gestion-guadalajara-de-buga-valle-del-cauca
373-34425,https://www.activosporcolombia.com/es/inmueble/14802/casa-en-gestion-guadalajara-de-buga-valle-del-cauca
373-34426,https://www.activosporcolombia.com/es/inmueble/14809/casa-lote-en-gestion-guadalajara-de-buga-valle-del-cauca
373-34428,https://www.activosporcolombia.com/es/inmueble/14822/casa-lote-en-gestion-guadalajara-de-buga-valle-del-cauca
373-38127,https://www.activosporcolombia.com/es/inmueble/37472/casa-en-gestion-guadalajara-de-buga-valle-del-cauca
373-38696,https://www.activosporcolombia.com/es/inmueble/14831/casa-en-gestion-guadalajara-de-buga-valle-del-cauca
373-6667,https://www.activosporcolombia.com/es/inmueble/14934/casa-en-gestion-guadalajara-de-buga-valle-del-cauca
373-7678,https://www.activosporcolombia.com/es/inmueble/13004/finca-en-gestion-guadalajara-de-buga-valle-del-cauca
373-77389,https://www.activosporcolombia.com/es/inmueble/128/casa-en-venta-guadalajara-de-buga-valle-del-cauca
373-81786,https://www.activosporcolombia.com/es/unidad-inmobiliaria/817/apartamento-en-gestion-guadalajara-de-buga-valle-del-cauca
373-82251,https://www.activosporcolombia.com/es/inmueble/14648/bodega-en-venta-guadalajara-de-buga-valle-del-cauca
375-18603,https://www.activosporcolombia.com/es/inmueble/19534/casa-en-venta-cartago-valle-del-cauca
375-58092,https://www.activosporcolombia.com/es/inmueble/26992/casa-en-venta-cartago
375-58966,https://www.activosporcolombia.com/es/inmueble/26986/casa-en-gestion-cartago-valle-del-cauca
378-129750,https://www.activosporcolombia.com/es/inmueble/6553/casa-en-gestion-palmira-valle-del-cauca
378-141219,https://www.activosporcolombia.com/es/inmueble/8539/suite-en-gestion-palmira-valle-del-cauca
382-10150,https://www.activosporcolombia.com/es/inmueble/9971/finca-en-gestion-sevilla-valle-del-cauca
382-12326,https://www.activosporcolombia.com/es/inmueble/11333/finca-en-gestion-sevilla-valle-del-cauca
382-13255,https://www.activosporcolombia.com/es/inmueble/11348/finca-en-gestion-sevilla-valle-del-cauca
382-14734,https://www.activosporcolombia.com/es/inmueble/11383/finca-en-gestion-sevilla-valle-del-cauca
382-5227,https://www.activosporcolombia.com/es/inmueble/26625/casa-en-venta-sevilla
382-5387,https://www.activosporcolombia.com/es/inmueble/9963/finca-en-gestion-sevilla-valle-del-cauca
382-589,https://www.activosporcolombia.com/es/inmueble/11499/finca-en-gestion-sevilla-valle-del-cauca
384-10494,https://www.activosporcolombia.com/es/inmueble/14470/finca-en-gestion-andalucia-valle-del-cauca
384-10894,https://www.activosporcolombia.com/es/unidad-inmobiliaria/738/lote-en-venta-zarzal
384-11185,https://www.activosporcolombia.com/es/unidad-inmobiliaria/738/lote-en-venta-zarzal
384-11186,https://www.activosporcolombia.com/es/unidad-inmobiliaria/738/lote-en-venta-zarzal
384-11187,https://www.activosporcolombia.com/es/unidad-inmobiliaria/738/lote-en-venta-zarzal
384-1153,https://www.activosporcolombia.com/es/unidad-inmobiliaria/659/lote-en-gestion-bugalagrande-valle-del-cauca
384-11670,https://www.activosporcolombia.com/es/inmueble/14544/villa-linda
384-1873,https://www.activosporcolombia.com/es/unidad-inmobiliaria/659/lote-en-gestion-bugalagrande-valle-del-cauca
384-25537,https://www.activosporcolombia.com/es/inmueble/25723/lt-sin-direccion-municipio-zarzal
384-25538,https://www.activosporcolombia.com/es/inmueble/25734/lt-ubicado-en-el-indiviso-de-las-lajas
384-34959,https://www.activosporcolombia.com/es/inmueble/25768/pd-rural-santa-elena
384-50233,https://www.activosporcolombia.com/es/inmueble/236/casa-en-venta-zarzal-valle-del-cauca
384-64741,https://www.activosporcolombia.com/es/inmueble/14812/casa-en-venta-tulua-valle-del-cauca
384-87101,https://www.activosporcolombia.com/es/unidad-inmobiliaria/621/lote-en-gestion-tulua-valle-del-cauca
400-1019,https://www.activosporcolombia.com/es/inmueble/22653/casa-en-gestion-leticia-amazonas
400-1034,https://www.activosporcolombia.com/es/inmueble/10734/cl-11-5-06-5-18
400-1283,https://www.activosporcolombia.com/es/inmueble/25942/local-comercial-en-gestion-leticia-amazonas
400-2088,https://www.activosporcolombia.com/es/inmueble/12336/lote-en-gestion-leticia-amazonas
400-2543,https://www.activosporcolombia.com/es/inmueble/12111/lote-en-gestion-leticia-amazonas
400-3049,https://www.activosporcolombia.com/es/inmueble/16512/lt-cr-6-3-09-13
400-3219,https://www.activosporcolombia.com/es/inmueble/13072/cs-lt-cl-11-7-43-35-cr-7-10-99-113-115
400-3300,https://www.activosporcolombia.com/es/inmueble/12123/lote-en-gestion-leticia-amazonas
400-3384,https://www.activosporcolombia.com/es/inmueble/36987/lote-con-construccion-en-gestion-leticia-amazonas
400-4775,https://www.activosporcolombia.com/es/inmueble/16518/local-comercial-en-venta-leticia
400-4776,https://www.activosporcolombia.com/es/inmueble/16528/local-comercial-en-venta-leticia
400-7028,https://www.activosporcolombia.com/es/inmueble/35559/casa-en-gestion-leticia-amazonas
400-886,https://www.activosporcolombia.com/es/inmueble/22836/cs-cr-8-a-7-21
400-92,https://www.activosporcolombia.com/es/inmueble/22821/cr-8-a-11-91
420-17370,https://www.activosporcolombia.com/es/inmueble/25036/lote-en-gestion-florencia-caqueta
420-17371,https://www.activosporcolombia.com/es/inmueble/25144/lote-en-gestion-florencia-caqueta
420-8018,https://www.activosporcolombia.com/es/inmueble/25112/finca-en-gestion-el-doncello-caqueta
440-71948,https://www.activosporcolombia.com/es/unidad-inmobiliaria/106/apartamento-con-garaje-en-venta-mocoa-putumayo
440-71949,https://www.activosporcolombia.com/es/unidad-inmobiliaria/106/apartamento-con-garaje-en-venta-mocoa-putumayo
442-13852,https://www.activosporcolombia.com/es/inmueble/33910/casa-en-gestion-puerto-asis-putumayo
450-17709,https://www.activosporcolombia.com/es/inmueble/592/edificio-krystal-plaza-oficina-204-av-colombia-n-39397101
450-833,https://www.activosporcolombia.com/es/inmueble/589/av-duarte-blum-con-libertadores-hotel-green-y-popular-mrket
470-14504,https://www.activosporcolombia.com/es/inmueble/16738/casa-en-venta-yopal
470-2216,https://www.activosporcolombia.com/es/inmueble/4237/casa-en-venta-yopal
470-22280,https://www.activosporcolombia.com/es/inmueble/16689/casa-en-venta-yopal
475-14094,https://www.activosporcolombia.com/es/inmueble/17692/local-comercial-en-gestion-paz-de-ariporo-casanare
475-14095,https://www.activosporcolombia.com/es/inmueble/17673/bodega-en-gestion-paz-de-ariporo-casanare
475-14096,https://www.activosporcolombia.com/es/inmueble/17659/bodega-en-gestion-paz-de-ariporo-casanare
475-18269,https://www.activosporcolombia.com/es/inmueble/17666/bodega-en-gestion-paz-de-ariporo-casanare
475-8224,https://www.activosporcolombia.com/es/inmueble/17681/local-comercial-en-gestion-paz-de-ariporo-casanare
475-8337,https://www.activosporcolombia.com/es/inmueble/30146/lote-en-venta-paz-de-ariporo
475-918,https://www.activosporcolombia.com/es/inmueble/17686/edificio-en-gestion-paz-de-ariporo-casanare
475-9558,https://www.activosporcolombia.com/es/inmueble/17655/casa-en-gestion-paz-de-ariporo-casanare
50C-1031187,https://www.activosporcolombia.com/es/inmueble/14286/apartamento-en-venta-bogota
50C-118453,https://www.activosporcolombia.com/es/inmueble/471/bodega-en-venta-bogota-dc
50C-1222224,https://www.activosporcolombia.com/es/inmueble/16558/apartamento-en-gestion-bogota-dc-bogota-d-c
50C-1224806,https://www.activosporcolombia.com/es/inmueble/5612/edificio-en-venta-bogota
50C-1235782,https://www.activosporcolombia.com/es/inmueble/11602/apartamento-en-gestion-bogota-dc-bogota-d-c
50C-1276347,https://www.activosporcolombia.com/es/inmueble/295/casa-en-venta-bogota-dc-bogota-dc
50C-1283160,https://www.activosporcolombia.com/es/inmueble/11876/apartamento-en-gestion-bogota-dc-bogota-d-c
50C-1284600,https://www.activosporcolombia.com/es/inmueble/19292/apartamento-1803-carrera-9-no85-32-manzana-f-el-retiro-torre-de-la-cabrera-bogota
50C-1286920,https://www.activosporcolombia.com/es/inmueble/36662/apartamento-en-gestion-bogota-dc-bogota-d-c
50C-1331869,https://www.activosporcolombia.com/es/inmueble/27234/apartamento-en-gestion-bogota-dc-bogota-d-c
50C-1372651,https://www.activosporcolombia.com/es/inmueble/1681/apartamento-en-gestion-bogota-dc-bogota-d-c
50C-1393110,https://www.activosporcolombia.com/es/inmueble/27676/apartamento-en-gestion-bogota-dc-bogota-d-c
50C-1410263,https://www.activosporcolombia.com/es/inmueble/26589/kr-1-bis-72-11-ed-castillo-del-cerro-ap-101
50C-1418591,https://www.activosporcolombia.com/es/inmueble/36680/local-comercial-en-gestion-bogota-dc-bogota-dc
50C-1439564,https://www.activosporcolombia.com/es/inmueble/22562/habitacion-hotel-en-venta-bogota
50C-1452258,https://www.activosporcolombia.com/es/inmueble/737/casa-en-venta-bogota
50C-1465392,https://www.activosporcolombia.com/es/inmueble/25121/local-comercial-en-venta-bogota
50C-1466304,https://www.activosporcolombia.com/es/inmueble/19877/casa-en-venta-bogota
50C-1570073,https://www.activosporcolombia.com/es/inmueble/19745/apartamento-en-gestion-bogota-dc-bogota-d-c
50C-1572383,https://www.activosporcolombia.com/es/inmueble/136/apartamento-en-venta-bogota-cundinamarca
50C-1574574,https://www.activosporcolombia.com/es/inmueble/25010/local-comercial-en-venta-bogota
50C-1574583,https://www.activosporcolombia.com/es/inmueble/5634/local-comercial-en-gestion-bogota-dc-bogota-d-c
50C-1574584,https://www.activosporcolombia.com/es/inmueble/5637/local-comercial-en-gestion-bogota-dc-bogota-d-c
50C-1593346,https://www.activosporcolombia.com/es/inmueble/10731/apartamento-en-gestion-bogota-dc-bogota-d-c
50C-1601979,https://www.activosporcolombia.com/es/inmueble/17513/local-comercial-en-venta-bogota
50C-1606353,https://www.activosporcolombia.com/es/inmueble/36091/casa-en-gestion-bogota-dc-bogota-d-c
50C-1614642,https://www.activosporcolombia.com/es/inmueble/898/casa-en-venta-bogota
50C-162764,https://www.activosporcolombia.com/es/inmueble/251/casa-en-venta-bogota-dc-bogota-d-c
50C-1643467,https://www.activosporcolombia.com/es/inmueble/30973/casa-en-gestion-bogota-dc-bogota-d-c
50C-1669895,https://www.activosporcolombia.com/es/inmueble/16261/apartamento-en-venta-bogota
50C-1670768,https://www.activosporcolombia.com/es/inmueble/15478/cr-68a-bis-25-40-garaje-209
50C-1670822,https://www.activosporcolombia.com/es/inmueble/15480/cr-68a-bis-25-40-tr-3-garaje-299
50C-1670996,https://www.activosporcolombia.com/es/inmueble/15488/cr-68a-bis-25-40-deposito-82
50C-1671097,https://www.activosporcolombia.com/es/inmueble/15490/cr-68a-bis-25-40-tr-3-ap-107
50C-1730198,https://www.activosporcolombia.com/es/unidad-inmobiliaria/437/apartamento-en-gestion-bogota-dc-bogota-d-c
50C-1842347,https://www.activosporcolombia.com/es/unidad-inmobiliaria/637/apartamento-en-gestion-bogota-dc-bogota-d-c
50C-1873116,https://www.activosporcolombia.com/es/inmueble/176/apartamento-en-venta-bogota-dc
50C-226047,https://www.activosporcolombia.com/es/inmueble/2374/casa-en-venta-bogota
50C-292622,https://www.activosporcolombia.com/es/inmueble/21103/casa-en-gestion-bogota-dc-bogota-d-c
50C-30092,https://www.activosporcolombia.com/es/inmueble/510/lote-con-construccion-en-venta-bogota
50C-420725,https://www.activosporcolombia.com/es/inmueble/37578/bodega-en-gestion-bogota-dc-bogota-d-c
50C-452959,https://www.activosporcolombia.com/es/inmueble/840/casa-en-venta-bogota
50C-469720,https://www.activosporcolombia.com/es/inmueble/34784/local-comercial-en-venta-bogota
50C-500588,https://www.activosporcolombia.com/es/inmueble/30989/edificio-en-venta-bogota
50C-596850,https://www.activosporcolombia.com/es/inmueble/6701/casa-en-gestion-bogota-dc-bogota-d-c
50C-790912,https://www.activosporcolombia.com/es/inmueble/259/apartamento-en-venta-bogota-cundinamarca
50C-865665,https://www.activosporcolombia.com/es/unidad-inmobiliaria/444/apartamento-en-gestion-bogota-dc-bogota-d-c
50C-90458,https://www.activosporcolombia.com/es/inmueble/36532/casa-en-venta-bogota-dc-bogota-d-c
50C-938495,https://www.activosporcolombia.com/es/inmueble/16589/casa-en-gestion-bogota-dc-bogota-d-c
50C-962760,https://www.activosporcolombia.com/es/unidad-inmobiliaria/13/local-en-venta-bogota-cundinamarca
50C-962761,https://www.activosporcolombia.com/es/unidad-inmobiliaria/13/local-en-venta-bogota-cundinamarca
50C-978758,https://www.activosporcolombia.com/es/inmueble/15060/casa-en-venta-bogota-dc-bogota-d-c
50C-996056,https://www.activosporcolombia.com/es/inmueble/12480/casa-en-gestion-bogota-dc-bogota-d-c
50N-1044532,https://www.activosporcolombia.com/es/inmueble/30194/oficina-en-gestion-bogota-dc-bogota-d-c
50N-1058132,https://www.activosporcolombia.com/es/inmueble/26851/casa-en-gestion-bogota-dc-bogota-d-c
50N-1121471,https://www.activosporcolombia.com/es/inmueble/15737/apartamento-en-gestion-bogota-dc-bogota-d-c
50N-1146338,https://www.activosporcolombia.com/es/inmueble/15662/casa-en-gestion-bogota-dc-bogota-d-c
50N-20014761,https://www.activosporcolombia.com/es/inmueble/21187/kr-46-152-46-ce-mazuren-lc-260
50N-20014762,https://www.activosporcolombia.com/es/inmueble/21202/kr-46-152-46-ce-mazuren-lc-261
50N-20020717,https://www.activosporcolombia.com/es/inmueble/31788/apartamento-en-venta-bogota
50N-20034268,https://www.activosporcolombia.com/es/inmueble/20904/lote-en-venta-bogota
50N-20056312,https://www.activosporcolombia.com/es/inmueble/11618/apartamento-en-gestion-bogota-dc-bogota-d-c
50N-20106917,https://www.activosporcolombia.com/es/inmueble/27088/kr-8a-140a-80-ap-801
50N-20125274,https://www.activosporcolombia.com/es/inmueble/5562/ap-402-cl-142-a-53-a-80-in-5-con-alameda-de-santa-clara
50N-20129645,https://www.activosporcolombia.com/es/unidad-inmobiliaria/756/apartamento-en-venta-bogota
50N-20137233,https://www.activosporcolombia.com/es/inmueble/18305/casa-en-gestion-bogota-dc-bogota-d-c
50N-20138839,https://www.activosporcolombia.com/es/unidad-inmobiliaria/124/apartamento-y-garajes-en-venta-bogota
50N-20138852,https://www.activosporcolombia.com/es/unidad-inmobiliaria/124/apartamento-y-garajes-en-venta-bogota
50N-20138857,https://www.activosporcolombia.com/es/unidad-inmobiliaria/124/apartamento-y-garajes-en-venta-bogota
50N-20144914,https://www.activosporcolombia.com/es/inmueble/28987/apartamento-en-gestion-bogota-dc-bogota-d-c
50N-20161609,https://www.activosporcolombia.com/es/unidad-inmobiliaria/332/kr-9-c-121-53-ap-503-ed-vallarta-to-b
50N-20163007,https://www.activosporcolombia.com/es/inmueble/22600/local-en-cc-san-andresito-norte
50N-20170418,https://www.activosporcolombia.com/es/unidad-inmobiliaria/843/apartamento-en-gestion-bogota-dc-bogota-d-c
50N-20170814,https://www.activosporcolombia.com/es/inmueble/21407/apartamento-en-gestion-bogota-dc-bogota-d-c
50N-20203917,https://www.activosporcolombia.com/es/inmueble/34797/casa-en-gestion-bogota-dc-bogota-d-c
50N-20208169,https://www.activosporcolombia.com/es/inmueble/322/local-en-venta-bogota-cundinamarca
50N-20213355,https://www.activosporcolombia.com/es/inmueble/17640/apartamento-en-gestion-bogota-dc-bogota-d-c
50N-20296188,https://www.activosporcolombia.com/es/inmueble/20213/lote-en-venta-chia-cundinamarca
50N-20298010,https://www.activosporcolombia.com/es/inmueble/26772/apartamento-en-gestion-bogota-dc-bogota-dc
50N-20337463,https://www.activosporcolombia.com/es/inmueble/37034/apartamento-en-gestion-bogota-dc-bogota-d-c
50N-20415187,https://www.activosporcolombia.com/es/inmueble/269/apartamento-en-venta-bogota-cundinamarca
50N-20429717,https://www.activosporcolombia.com/es/inmueble/32402/apartamento-en-gestion-bogota-dc-bogota-d-c
50N-20436654,https://www.activosporcolombia.com/es/inmueble/8560/apartamento-en-gestion-bogota-dc-bogota-d-c
50N-20477130,https://www.activosporcolombia.com/es/unidad-inmobiliaria/638/apartamento-en-gestion-bogota-dc-bogota-dc
50N-20490730,https://www.activosporcolombia.com/es/unidad-inmobiliaria/137/apartamento-y-garaje-en-venta-bogota-dc-bogota-dc
50N-20490801,https://www.activosporcolombia.com/es/unidad-inmobiliaria/137/apartamento-y-garaje-en-venta-bogota-dc-bogota-dc
50N-20507611,https://www.activosporcolombia.com/es/inmueble/20343/casa-en-gestion-bogota-dc-bogota-d-c
50N-20558041,https://www.activosporcolombia.com/es/inmueble/35547/apartamento-en-venta-bogota-dc
50N-20701853,https://www.activosporcolombia.com/es/inmueble/15042/apartamento-en-gestion-bogota-dc-bogota-d-c
50N-336153,https://www.activosporcolombia.com/es/inmueble/15890/oficina-en-gestion-bogota-dc-bogota-d-c
50N-340808,https://www.activosporcolombia.com/es/inmueble/16914/casa-en-venta-bogota-dc-bogota-dc
50N-392407,https://www.activosporcolombia.com/es/inmueble/125/casa-en-venta-bogota-dc-bogota-d-c
50N-411090,https://www.activosporcolombia.com/es/inmueble/5555/ag-gratamira-mz-6-58-te-c-10-cl-136-a-56-b-69
50N-534743,https://www.activosporcolombia.com/es/unidad-inmobiliaria/136/apartamento-en-venta-bogota-dc-bogota-dc
50N-535270,https://www.activosporcolombia.com/es/unidad-inmobiliaria/136/apartamento-en-venta-bogota-dc-bogota-dc
50N-541575,https://www.activosporcolombia.com/es/inmueble/32824/apartamento-en-gestion-bogota-dc-cundinamarca
50N-596717,https://www.activosporcolombia.com/es/inmueble/29424/local-comercial-en-gestion-bogota-dc-bogota-d-c
50N-896866,https://www.activosporcolombia.com/es/inmueble/27818/lote-en-gestion-bogota-dc-bogota-d-c
50N-953291,https://www.activosporcolombia.com/es/unidad-inmobiliaria/805/apartamento-en-gestion-bogota-dc-bogota-dc
50N-977906,https://www.activosporcolombia.com/es/unidad-inmobiliaria/446/apartamento-en-gestion-bogota-dc-bogota-d-c
50N-993605,https://www.activosporcolombia.com/es/inmueble/36448/casa-en-gestion-bogota-dc-bogota-d-c
50S-128204,https://www.activosporcolombia.com/es/inmueble/522/casa-en-venta-bogota-dc-bogota-dc
50S-160468,https://www.activosporcolombia.com/es/inmueble/268/casa-en-venta-bogota-cundinamarca
50S-40034920,https://www.activosporcolombia.com/es/inmueble/21517/casa-en-venta-bogota
50S-40035461,https://www.activosporcolombia.com/es/inmueble/19626/casa-en-gestion-bogota-dc-bogota-d-c
50S-40112015,https://www.activosporcolombia.com/es/inmueble/16907/dg-45-f-sur-16-22
50S-40112260,https://www.activosporcolombia.com/es/inmueble/30698/casa-en-venta-bogota
50S-40133750,https://www.activosporcolombia.com/es/inmueble/27107/cr-98c-bis-38-30-s
50S-40133751,https://www.activosporcolombia.com/es/inmueble/27112/cr-98c-bis-38-24-s
50S-40135282,https://www.activosporcolombia.com/es/inmueble/34112/casa-en-gestion-bogota-dc-bogota-d-c
50S-40136849,https://www.activosporcolombia.com/es/inmueble/4685/casa-en-gestion-bogota-dc-bogota-d-c
50S-40252346,https://www.activosporcolombia.com/es/unidad-inmobiliaria/345/apartamento-en-gestion-bogota-dc-bogota-d-c
50S-40295176,https://www.activosporcolombia.com/es/inmueble/24809/apartamento-en-gestion-bogota-dc-bogota-d-c
50S-40311069,https://www.activosporcolombia.com/es/inmueble/4592/apartamento-en-venta-bogota-dc-bogota-d-c
50S-40334927,https://www.activosporcolombia.com/es/inmueble/110/casa-en-venta-bogota-dc-bogota-d-c
50S-40371170,https://www.activosporcolombia.com/es/inmueble/278/casa-en-venta-bogota-dc-bogota-d-c
50S-40415513,https://www.activosporcolombia.com/es/inmueble/37558/casa-en-gestion-bogota-dc-bogota-d-c
50S-40441791,https://www.activosporcolombia.com/es/inmueble/266/casa-en-venta-bogota-dc-bogota-d-c
50S-40513870,https://www.activosporcolombia.com/es/inmueble/37456/casa-en-gestion-bogota-dc-bogota-d-c
50S-47192,https://www.activosporcolombia.com/es/inmueble/20779/lote-en-gestion-bogota-dc-bogota-dc
50S-707399,https://www.activosporcolombia.com/es/inmueble/6603/casa-en-gestion-bogota-dc-bogota-d-c
50S-734920,https://www.activosporcolombia.com/es/inmueble/6851/casa-en-gestion-bogota-dc-bogota-d-c
50S-772967,https://www.activosporcolombia.com/es/inmueble/272/casa-en-venta-bogota-dc-bogota-d-c
50c-996056,https://www.activosporcolombia.com/es/inmueble/12480/casa-en-gestion-bogota-dc-bogota-d-c
